{"cameraMode":{"drawMode":0,"name":"Shaded","section":"Shading Mode"},"sceneLighting":true,"audioPlay":false,"sceneViewState":{"m_AlwaysRefresh":false,"showFog":true,"showSkybox":true,"showFlares":true,"showImageEffects":true,"showParticleSystems":true,"showVisualEffectGraphs":true,"m_FxEnabled":false},"in2DMode":false,"pivot":{"x":86.1156005859375,"y":-33.090980529785159,"z":-63.64009475708008},"rotation":{"x":0.009820814244449139,"y":-0.9288313388824463,"z":0.3691740036010742,"w":0.025129828602075578},"size":33.216739654541019,"orthographic":false}